,episode,make_span,reward,min make span
0,0.0,1218.0,-42.21649484536081,1218.0
1,0.0,1129.0,-33.04123711340204,1129.0
2,0.0,1176.0,-37.886597938144305,1129.0
3,0.0,1075.0,-27.4742268041237,1075.0
4,0.0,1214.0,-41.804123711340196,1075.0
5,1.0,1239.0,-44.381443298969046,1075.0
6,1.0,1190.0,-39.329896907216465,1075.0
7,1.0,1207.0,-41.082474226804116,1075.0
8,1.0,1096.0,-29.63917525773194,1075.0
9,1.0,1195.0,-39.845360824742244,1075.0
10,2.0,1184.0,-38.71134020618555,1075.0
11,2.0,1174.0,-37.68041237113402,1075.0
12,2.0,1187.0,-39.02061855670101,1075.0
13,2.0,1139.0,-34.07216494845359,1075.0
14,2.0,1076.0,-27.57731958762885,1075.0
15,3.0,1243.0,-44.79381443298966,1075.0
16,3.0,1178.0,-38.09278350515462,1075.0
17,3.0,1075.0,-27.474226804123692,1075.0
18,3.0,1217.0,-42.11340206185565,1075.0
19,3.0,1200.0,-40.360824742268015,1075.0
20,4.0,1160.0,-36.23711340206184,1075.0
21,4.0,1145.0,-34.690721649484516,1075.0
22,4.0,1076.0,-27.57731958762885,1075.0
23,4.0,1205.0,-40.8762886597938,1075.0
24,4.0,1203.0,-40.670103092783485,1075.0
25,5.0,1169.0,-37.16494845360824,1075.0
26,5.0,1169.0,-37.16494845360823,1075.0
27,5.0,1091.0,-29.12371134020617,1075.0
28,5.0,1133.0,-33.45360824742266,1075.0
29,5.0,1093.0,-29.32989690721647,1075.0
30,6.0,1184.0,-38.71134020618555,1075.0
31,6.0,1163.0,-36.5463917525773,1075.0
32,6.0,1115.0,-31.59793814432988,1075.0
33,6.0,1111.0,-31.185567010309256,1075.0
34,6.0,1153.0,-35.51546391752576,1075.0
35,7.0,1089.0,-28.91752577319587,1075.0
36,7.0,1076.0,-27.57731958762885,1075.0
37,7.0,1088.0,-28.814432989690708,1075.0
38,7.0,1107.0,-30.77319587628864,1075.0
39,7.0,1084.0,-28.40206185567008,1075.0
40,8.0,1106.0,-30.670103092783492,1075.0
41,8.0,1092.0,-29.22680412371133,1075.0
42,8.0,1107.0,-30.77319587628864,1075.0
43,8.0,1180.0,-38.29896907216493,1075.0
44,8.0,1058.0,-25.721649484536062,1058.0
45,9.0,1124.0,-32.525773195876276,1058.0
46,9.0,1160.0,-36.23711340206183,1058.0
47,9.0,1100.0,-30.051546391752563,1058.0
48,9.0,1181.0,-38.40206185567009,1058.0
49,9.0,1142.0,-34.381443298969046,1058.0
50,10.0,1187.0,-39.02061855670101,1058.0
51,10.0,1166.0,-36.85567010309277,1058.0
52,10.0,1189.0,-39.22680412371131,1058.0
53,10.0,1084.0,-28.402061855670087,1058.0
54,10.0,1163.0,-36.54639175257731,1058.0
55,11.0,1080.0,-27.989690721649477,1058.0
56,11.0,1169.0,-37.164948453608226,1058.0
57,11.0,1149.0,-35.10309278350514,1058.0
58,11.0,1076.0,-27.577319587628846,1058.0
59,11.0,1110.0,-31.08247422680411,1058.0
60,12.0,1109.0,-30.979381443298955,1058.0
61,12.0,1170.0,-37.26804123711338,1058.0
62,12.0,1209.0,-41.28865979381441,1058.0
63,12.0,1114.0,-31.494845360824733,1058.0
64,12.0,1190.0,-39.32989690721649,1058.0
65,13.0,1089.0,-28.91752577319586,1058.0
66,13.0,1149.0,-35.10309278350513,1058.0
67,13.0,1075.0,-27.474226804123703,1058.0
68,13.0,1111.0,-31.185567010309256,1058.0
69,13.0,1169.0,-37.164948453608226,1058.0
70,14.0,1094.0,-29.432989690721627,1058.0
71,14.0,1190.0,-39.32989690721647,1058.0
72,14.0,1112.0,-31.288659793814418,1058.0
73,14.0,1167.0,-36.958762886597924,1058.0
74,14.0,1106.0,-30.67010309278348,1058.0
75,15.0,1077.0,-27.680412371133997,1058.0
76,15.0,1095.0,-29.53608247422678,1058.0
77,15.0,1183.0,-38.6082474226804,1058.0
78,15.0,1122.0,-32.319587628865946,1058.0
79,15.0,1089.0,-28.917525773195855,1058.0
80,16.0,1071.0,-27.06185567010307,1058.0
81,16.0,1138.0,-33.96907216494843,1058.0
82,16.0,1100.0,-30.051546391752566,1058.0
83,16.0,1152.0,-35.4123711340206,1058.0
84,16.0,1116.0,-31.70103092783504,1058.0
85,17.0,1185.0,-38.814432989690715,1058.0
86,17.0,1069.0,-26.855670103092766,1058.0
87,17.0,1040.0,-23.86597938144329,1040.0
88,17.0,1073.0,-27.268041237113387,1040.0
89,17.0,1073.0,-27.268041237113383,1040.0
90,18.0,1078.0,-27.783505154639155,1040.0
91,18.0,1058.0,-25.721649484536073,1040.0
92,18.0,1069.0,-26.855670103092766,1040.0
93,18.0,1060.0,-25.927835051546374,1040.0
94,18.0,1170.0,-37.26804123711339,1040.0
95,19.0,1071.0,-27.06185567010308,1040.0
96,19.0,1169.0,-37.16494845360823,1040.0
97,19.0,1100.0,-30.051546391752566,1040.0
98,19.0,1174.0,-37.68041237113401,1040.0
99,19.0,1126.0,-32.73195876288658,1040.0
100,20.0,1068.0,-26.752577319587605,1040.0
101,20.0,1177.0,-37.989690721649474,1040.0
102,20.0,1160.0,-36.23711340206184,1040.0
103,20.0,1207.0,-41.08247422680412,1040.0
104,20.0,1169.0,-37.16494845360823,1040.0
105,21.0,1096.0,-29.639175257731935,1040.0
106,21.0,1073.0,-27.26804123711339,1040.0
107,21.0,1175.0,-37.783505154639165,1040.0
108,21.0,1075.0,-27.474226804123695,1040.0
109,21.0,1071.0,-27.061855670103075,1040.0
110,22.0,1060.0,-25.927835051546378,1040.0
111,22.0,1152.0,-35.412371134020596,1040.0
112,22.0,1088.0,-28.814432989690708,1040.0
113,22.0,1100.0,-30.05154639175256,1040.0
114,22.0,1069.0,-26.85567010309277,1040.0
115,23.0,1171.0,-37.37113402061853,1040.0
116,23.0,1184.0,-38.71134020618554,1040.0
117,23.0,1104.0,-30.46391752577319,1040.0
118,23.0,1119.0,-32.0103092783505,1040.0
119,23.0,1061.0,-26.03092783505154,1040.0
120,24.0,1094.0,-29.432989690721627,1040.0
121,24.0,1114.0,-31.494845360824733,1040.0
122,24.0,1214.0,-41.804123711340196,1040.0
123,24.0,1154.0,-35.61855670103091,1040.0
124,24.0,1076.0,-27.577319587628843,1040.0
125,25.0,1108.0,-30.876288659793808,1040.0
126,25.0,1120.0,-32.113402061855645,1040.0
127,25.0,1114.0,-31.494845360824716,1040.0
128,25.0,1135.0,-33.65979381443297,1040.0
129,25.0,1160.0,-36.237113402061844,1040.0
130,26.0,1077.0,-27.680412371134004,1040.0
131,26.0,1062.0,-26.134020618556683,1040.0
132,26.0,1105.0,-30.567010309278324,1040.0
133,26.0,1109.0,-30.979381443298962,1040.0
134,26.0,1100.0,-30.05154639175256,1040.0
135,27.0,1071.0,-27.06185567010308,1040.0
136,27.0,1112.0,-31.288659793814414,1040.0
137,27.0,1089.0,-28.917525773195862,1040.0
138,27.0,1165.0,-36.75257731958761,1040.0
139,27.0,1078.0,-27.78350515463915,1040.0
140,28.0,1146.0,-34.79381443298966,1040.0
141,28.0,1174.0,-37.68041237113401,1040.0
142,28.0,1069.0,-26.85567010309277,1040.0
143,28.0,1091.0,-29.123711340206164,1040.0
144,28.0,1114.0,-31.49484536082472,1040.0
145,29.0,1182.0,-38.505154639175245,1040.0
146,29.0,1075.0,-27.474226804123692,1040.0
147,29.0,1162.0,-36.44329896907215,1040.0
148,29.0,1159.0,-36.13402061855668,1040.0
149,29.0,1130.0,-33.144329896907195,1040.0
150,30.0,1057.0,-25.618556701030915,1040.0
151,30.0,1153.0,-35.51546391752576,1040.0
152,30.0,1086.0,-28.608247422680396,1040.0
153,30.0,1075.0,-27.474226804123695,1040.0
154,30.0,1086.0,-28.608247422680396,1040.0
155,31.0,1204.0,-40.77319587628863,1040.0
156,31.0,1233.0,-43.76288659793812,1040.0
157,31.0,1101.0,-30.154639175257714,1040.0
158,31.0,1215.0,-41.90721649484536,1040.0
159,31.0,1169.0,-37.16494845360823,1040.0
160,32.0,1131.0,-33.24742268041235,1040.0
161,32.0,1202.0,-40.56701030927834,1040.0
162,32.0,1075.0,-27.474226804123692,1040.0
163,32.0,1075.0,-27.47422680412369,1040.0
164,32.0,1197.0,-40.05154639175256,1040.0
165,33.0,1118.0,-31.907216494845343,1040.0
166,33.0,1077.0,-27.680412371134004,1040.0
167,33.0,1073.0,-27.268041237113383,1040.0
168,33.0,1098.0,-29.845360824742254,1040.0
169,33.0,1169.0,-37.164948453608226,1040.0
170,34.0,1207.0,-41.08247422680411,1040.0
171,34.0,1076.0,-27.577319587628853,1040.0
172,34.0,1135.0,-33.65979381443297,1040.0
173,34.0,1076.0,-27.577319587628836,1040.0
174,34.0,1128.0,-32.938144329896886,1040.0
175,35.0,1154.0,-35.618556701030904,1040.0
176,35.0,1075.0,-27.474226804123692,1040.0
177,35.0,1170.0,-37.26804123711337,1040.0
178,35.0,1169.0,-37.16494845360823,1040.0
179,35.0,1169.0,-37.16494845360823,1040.0
180,36.0,1100.0,-30.051546391752566,1040.0
181,36.0,1133.0,-33.45360824742266,1040.0
182,36.0,1112.0,-31.288659793814418,1040.0
183,36.0,1096.0,-29.639175257731942,1040.0
184,36.0,1151.0,-35.30927835051545,1040.0
185,37.0,1149.0,-35.10309278350514,1040.0
186,37.0,1174.0,-37.680412371134,1040.0
187,37.0,1169.0,-37.16494845360823,1040.0
188,37.0,1090.0,-29.02061855670101,1040.0
189,37.0,1076.0,-27.57731958762885,1040.0
190,38.0,1107.0,-30.77319587628864,1040.0
191,38.0,1114.0,-31.49484536082472,1040.0
192,38.0,1114.0,-31.494845360824733,1040.0
193,38.0,1100.0,-30.05154639175256,1040.0
194,38.0,1195.0,-39.84536082474225,1040.0
195,39.0,1124.0,-32.52577319587627,1040.0
196,39.0,1076.0,-27.577319587628846,1040.0
197,39.0,1179.0,-38.19587628865977,1040.0
198,39.0,1161.0,-36.340206185567,1040.0
199,39.0,1153.0,-35.51546391752575,1040.0
200,40.0,1075.0,-27.474226804123695,1040.0
201,40.0,1075.0,-27.47422680412369,1040.0
202,40.0,1071.0,-27.061855670103075,1040.0
203,40.0,1044.0,-24.2783505154639,1040.0
204,40.0,1073.0,-27.268041237113383,1040.0
205,41.0,1091.0,-29.12371134020616,1040.0
206,41.0,1121.0,-32.21649484536081,1040.0
207,41.0,1075.0,-27.47422680412369,1040.0
208,41.0,1253.0,-45.82474226804122,1040.0
209,41.0,1138.0,-33.969072164948436,1040.0
210,42.0,1174.0,-37.680412371134,1040.0
211,42.0,1122.0,-32.31958762886595,1040.0
212,42.0,1263.0,-46.855670103092756,1040.0
213,42.0,1203.0,-40.67010309278348,1040.0
214,42.0,1075.0,-27.474226804123695,1040.0
215,43.0,1135.0,-33.65979381443298,1040.0
216,43.0,1101.0,-30.154639175257717,1040.0
217,43.0,1114.0,-31.494845360824723,1040.0
218,43.0,1136.0,-33.76288659793813,1040.0
219,43.0,1272.0,-47.783505154639144,1040.0
220,44.0,1130.0,-33.1443298969072,1040.0
221,44.0,1085.0,-28.505154639175238,1040.0
222,44.0,1223.0,-42.73195876288658,1040.0
223,44.0,1160.0,-36.237113402061844,1040.0
224,44.0,1122.0,-32.31958762886596,1040.0
225,45.0,1071.0,-27.061855670103085,1040.0
226,45.0,1127.0,-32.83505154639173,1040.0
227,45.0,1116.0,-31.701030927835028,1040.0
228,45.0,1155.0,-35.721649484536066,1040.0
229,45.0,1162.0,-36.44329896907214,1040.0
230,46.0,1184.0,-38.71134020618555,1040.0
231,46.0,1172.0,-37.4742268041237,1040.0
232,46.0,1135.0,-33.65979381443297,1040.0
233,46.0,1121.0,-32.2164948453608,1040.0
234,46.0,1114.0,-31.494845360824712,1040.0
235,47.0,1056.0,-25.51546391752575,1040.0
236,47.0,1051.0,-24.99999999999999,1040.0
237,47.0,1133.0,-33.453608247422665,1040.0
238,47.0,1123.0,-32.422680412371115,1040.0
239,47.0,1090.0,-29.020618556701017,1040.0
240,48.0,1186.0,-38.91752577319585,1040.0
241,48.0,1075.0,-27.474226804123692,1040.0
242,48.0,1165.0,-36.75257731958761,1040.0
243,48.0,1147.0,-34.89690721649483,1040.0
244,48.0,1159.0,-36.134020618556676,1040.0
245,49.0,1080.0,-27.98969072164947,1040.0
246,49.0,1112.0,-31.28865979381441,1040.0
247,49.0,1075.0,-27.474226804123692,1040.0
248,49.0,1040.0,-23.865979381443285,1040.0
249,49.0,1226.0,-43.04123711340205,1040.0
250,50.0,1123.0,-32.42268041237111,1040.0
251,50.0,1093.0,-29.329896907216476,1040.0
252,50.0,1123.0,-32.42268041237111,1040.0
253,50.0,1146.0,-34.79381443298966,1040.0
254,50.0,1137.0,-33.865979381443275,1040.0
255,51.0,1114.0,-31.494845360824733,1040.0
256,51.0,1131.0,-33.247422680412356,1040.0
257,51.0,1110.0,-31.08247422680411,1040.0
258,51.0,1172.0,-37.47422680412368,1040.0
259,51.0,1110.0,-31.0824742268041,1040.0
260,52.0,1234.0,-43.865979381443275,1040.0
261,52.0,1108.0,-30.876288659793786,1040.0
262,52.0,1166.0,-36.855670103092756,1040.0
263,52.0,1119.0,-32.010309278350505,1040.0
264,52.0,1114.0,-31.494845360824716,1040.0
265,53.0,1114.0,-31.49484536082473,1040.0
266,53.0,1103.0,-30.360824742268022,1040.0
267,53.0,1125.0,-32.62886597938143,1040.0
268,53.0,1086.0,-28.608247422680396,1040.0
269,53.0,1204.0,-40.77319587628864,1040.0
270,54.0,1164.0,-36.64948453608246,1040.0
271,54.0,1145.0,-34.69072164948452,1040.0
272,54.0,1123.0,-32.422680412371115,1040.0
273,54.0,1169.0,-37.164948453608226,1040.0
274,54.0,1077.0,-27.680412371134008,1040.0
275,55.0,1121.0,-32.21649484536081,1040.0
276,55.0,1270.0,-47.57731958762884,1040.0
277,55.0,1118.0,-31.90721649484534,1040.0
278,55.0,1174.0,-37.680412371134,1040.0
279,55.0,1075.0,-27.474226804123692,1040.0
280,56.0,1219.0,-42.31958762886596,1040.0
281,56.0,1071.0,-27.06185567010307,1040.0
282,56.0,1095.0,-29.536082474226784,1040.0
283,56.0,1098.0,-29.84536082474225,1040.0
284,56.0,1071.0,-27.061855670103075,1040.0
285,57.0,1071.0,-27.06185567010307,1040.0
286,57.0,1207.0,-41.08247422680411,1040.0
287,57.0,1199.0,-40.25773195876286,1040.0
288,57.0,1071.0,-27.06185567010307,1040.0
289,57.0,1079.0,-27.88659793814432,1040.0
290,58.0,1109.0,-30.97938144329895,1040.0
291,58.0,1086.0,-28.6082474226804,1040.0
292,58.0,1100.0,-30.051546391752563,1040.0
293,58.0,1169.0,-37.164948453608226,1040.0
294,58.0,1167.0,-36.95876288659792,1040.0
295,59.0,1096.0,-29.63917525773194,1040.0
296,59.0,1071.0,-27.06185567010307,1040.0
297,59.0,1215.0,-41.90721649484534,1040.0
298,59.0,1166.0,-36.85567010309277,1040.0
299,59.0,1090.0,-29.02061855670102,1040.0
300,60.0,1164.0,-36.64948453608246,1040.0
301,60.0,1218.0,-42.216494845360806,1040.0
302,60.0,1140.0,-34.175257731958745,1040.0
303,60.0,1105.0,-30.567010309278334,1040.0
304,60.0,1076.0,-27.577319587628843,1040.0
305,61.0,1169.0,-37.16494845360823,1040.0
306,61.0,1152.0,-35.412371134020596,1040.0
307,61.0,1071.0,-27.06185567010307,1040.0
308,61.0,1125.0,-32.62886597938143,1040.0
309,61.0,1246.0,-45.10309278350513,1040.0
310,62.0,1071.0,-27.06185567010307,1040.0
311,62.0,1076.0,-27.577319587628846,1040.0
312,62.0,1077.0,-27.680412371134008,1040.0
313,62.0,1100.0,-30.05154639175257,1040.0
314,62.0,1101.0,-30.154639175257714,1040.0
315,63.0,1076.0,-27.577319587628843,1040.0
316,63.0,1163.0,-36.546391752577314,1040.0
317,63.0,1071.0,-27.06185567010308,1040.0
318,63.0,1071.0,-27.061855670103085,1040.0
319,63.0,1114.0,-31.494845360824723,1040.0
320,64.0,1109.0,-30.97938144329896,1040.0
321,64.0,1110.0,-31.08247422680411,1040.0
322,64.0,1169.0,-37.16494845360823,1040.0
323,64.0,1108.0,-30.876288659793797,1040.0
324,64.0,1170.0,-37.26804123711339,1040.0
325,65.0,1084.0,-28.40206185567009,1040.0
326,65.0,1075.0,-27.474226804123692,1040.0
327,65.0,1162.0,-36.44329896907215,1040.0
328,65.0,1075.0,-27.474226804123695,1040.0
329,65.0,1120.0,-32.11340206185566,1040.0
330,66.0,1102.0,-30.257731958762868,1040.0
331,66.0,1071.0,-27.06185567010307,1040.0
332,66.0,1071.0,-27.061855670103064,1040.0
333,66.0,1178.0,-38.092783505154614,1040.0
334,66.0,1091.0,-29.123711340206167,1040.0
335,67.0,1176.0,-37.886597938144305,1040.0
336,67.0,1115.0,-31.59793814432988,1040.0
337,67.0,1077.0,-27.680412371134004,1040.0
338,67.0,1071.0,-27.06185567010308,1040.0
339,67.0,1086.0,-28.608247422680396,1040.0
340,68.0,1111.0,-31.185567010309253,1040.0
341,68.0,1172.0,-37.474226804123695,1040.0
342,68.0,1071.0,-27.06185567010307,1040.0
343,68.0,1112.0,-31.288659793814418,1040.0
344,68.0,1088.0,-28.814432989690705,1040.0
345,69.0,1130.0,-33.1443298969072,1040.0
346,69.0,1157.0,-35.92783505154638,1040.0
347,69.0,1128.0,-32.938144329896886,1040.0
348,69.0,1071.0,-27.061855670103068,1040.0
349,69.0,1075.0,-27.474226804123692,1040.0
350,70.0,1083.0,-28.298969072164923,1040.0
351,70.0,1071.0,-27.061855670103082,1040.0
352,70.0,1151.0,-35.30927835051544,1040.0
353,70.0,1192.0,-39.53608247422679,1040.0
354,70.0,1144.0,-34.58762886597936,1040.0
355,71.0,1071.0,-27.06185567010308,1040.0
356,71.0,1062.0,-26.13402061855669,1040.0
357,71.0,1149.0,-35.10309278350513,1040.0
358,71.0,1193.0,-39.639175257731935,1040.0
359,71.0,1071.0,-27.06185567010307,1040.0
360,72.0,1057.0,-25.61855670103091,1040.0
361,72.0,1105.0,-30.567010309278338,1040.0
362,72.0,1127.0,-32.83505154639173,1040.0
363,72.0,1071.0,-27.061855670103082,1040.0
364,72.0,1071.0,-27.06185567010307,1040.0
365,73.0,1071.0,-27.06185567010308,1040.0
366,73.0,1132.0,-33.3505154639175,1040.0
367,73.0,1071.0,-27.06185567010307,1040.0
368,73.0,1106.0,-30.67010309278349,1040.0
369,73.0,1071.0,-27.06185567010307,1040.0
370,74.0,1122.0,-32.31958762886597,1040.0
371,74.0,1088.0,-28.814432989690708,1040.0
372,74.0,1111.0,-31.18556701030925,1040.0
373,74.0,1046.0,-24.484536082474214,1040.0
374,74.0,1076.0,-27.577319587628846,1040.0
375,75.0,1071.0,-27.06185567010308,1040.0
376,75.0,1071.0,-27.06185567010307,1040.0
377,75.0,1114.0,-31.494845360824723,1040.0
378,75.0,1071.0,-27.061855670103082,1040.0
379,75.0,1241.0,-44.58762886597937,1040.0
380,76.0,1123.0,-32.42268041237112,1040.0
381,76.0,1159.0,-36.13402061855668,1040.0
382,76.0,1104.0,-30.46391752577317,1040.0
383,76.0,1154.0,-35.61855670103091,1040.0
384,76.0,1075.0,-27.474226804123695,1040.0
385,77.0,1076.0,-27.57731958762885,1040.0
386,77.0,1071.0,-27.06185567010307,1040.0
387,77.0,1246.0,-45.10309278350515,1040.0
388,77.0,1093.0,-29.329896907216476,1040.0
389,77.0,1075.0,-27.474226804123695,1040.0
390,78.0,1076.0,-27.577319587628853,1040.0
391,78.0,1114.0,-31.494845360824716,1040.0
392,78.0,1071.0,-27.061855670103085,1040.0
393,78.0,1071.0,-27.06185567010308,1040.0
394,78.0,1071.0,-27.06185567010308,1040.0
395,79.0,1197.0,-40.051546391752545,1040.0
396,79.0,1076.0,-27.57731958762885,1040.0
397,79.0,1106.0,-30.670103092783492,1040.0
398,79.0,1088.0,-28.814432989690705,1040.0
399,79.0,1071.0,-27.061855670103075,1040.0
400,80.0,1076.0,-27.577319587628846,1040.0
401,80.0,1071.0,-27.06185567010308,1040.0
402,80.0,1076.0,-27.57731958762885,1040.0
403,80.0,1073.0,-27.268041237113383,1040.0
404,80.0,1115.0,-31.59793814432987,1040.0
405,81.0,1071.0,-27.061855670103064,1040.0
406,81.0,1176.0,-37.886597938144305,1040.0
407,81.0,1071.0,-27.06185567010308,1040.0
408,81.0,1076.0,-27.577319587628843,1040.0
409,81.0,1076.0,-27.577319587628843,1040.0
410,82.0,1071.0,-27.06185567010309,1040.0
411,82.0,1105.0,-30.56701030927834,1040.0
412,82.0,1076.0,-27.577319587628846,1040.0
413,82.0,1075.0,-27.474226804123695,1040.0
414,82.0,1079.0,-27.886597938144313,1040.0
415,83.0,1077.0,-27.680412371134008,1040.0
416,83.0,1077.0,-27.680412371134008,1040.0
417,83.0,1144.0,-34.58762886597936,1040.0
418,83.0,1111.0,-31.185567010309256,1040.0
419,83.0,1092.0,-29.226804123711318,1040.0
420,84.0,1128.0,-32.93814432989689,1040.0
421,84.0,1071.0,-27.061855670103082,1040.0
422,84.0,1075.0,-27.474226804123692,1040.0
423,84.0,1103.0,-30.360824742268026,1040.0
424,84.0,1071.0,-27.06185567010307,1040.0
425,85.0,1077.0,-27.680412371134004,1040.0
426,85.0,1071.0,-27.061855670103082,1040.0
427,85.0,1076.0,-27.57731958762885,1040.0
428,85.0,1120.0,-32.11340206185565,1040.0
429,85.0,1071.0,-27.06185567010307,1040.0
430,86.0,1115.0,-31.597938144329884,1040.0
431,86.0,1071.0,-27.061855670103075,1040.0
432,86.0,1077.0,-27.680412371134008,1040.0
433,86.0,1077.0,-27.680412371134004,1040.0
434,86.0,1119.0,-32.010309278350505,1040.0
435,87.0,1084.0,-28.402061855670084,1040.0
436,87.0,1077.0,-27.680412371134008,1040.0
437,87.0,1076.0,-27.577319587628846,1040.0
438,87.0,1111.0,-31.185567010309256,1040.0
439,87.0,1071.0,-27.06185567010308,1040.0
440,88.0,1096.0,-29.639175257731935,1040.0
441,88.0,1076.0,-27.577319587628846,1040.0
442,88.0,1071.0,-27.061855670103064,1040.0
443,88.0,1114.0,-31.49484536082472,1040.0
444,88.0,1172.0,-37.4742268041237,1040.0
445,89.0,1071.0,-27.061855670103082,1040.0
446,89.0,1133.0,-33.45360824742265,1040.0
447,89.0,1071.0,-27.06185567010308,1040.0
448,89.0,1071.0,-27.061855670103082,1040.0
449,89.0,1126.0,-32.73195876288657,1040.0
450,90.0,1071.0,-27.06185567010307,1040.0
451,90.0,1071.0,-27.06185567010307,1040.0
452,90.0,1077.0,-27.680412371134008,1040.0
453,90.0,1077.0,-27.68041237113401,1040.0
454,90.0,1076.0,-27.577319587628846,1040.0
455,91.0,1160.0,-36.237113402061844,1040.0
456,91.0,1127.0,-32.83505154639174,1040.0
457,91.0,1147.0,-34.896907216494824,1040.0
458,91.0,1071.0,-27.06185567010308,1040.0
459,91.0,1071.0,-27.061855670103085,1040.0
460,92.0,1127.0,-32.83505154639173,1040.0
461,92.0,1071.0,-27.061855670103082,1040.0
462,92.0,1071.0,-27.06185567010308,1040.0
463,92.0,1075.0,-27.474226804123692,1040.0
464,92.0,1044.0,-24.278350515463902,1040.0
465,93.0,1075.0,-27.474226804123695,1040.0
466,93.0,1071.0,-27.061855670103075,1040.0
467,93.0,1071.0,-27.06185567010308,1040.0
468,93.0,1083.0,-28.298969072164933,1040.0
469,93.0,1071.0,-27.06185567010307,1040.0
470,94.0,1071.0,-27.061855670103068,1040.0
471,94.0,1107.0,-30.773195876288636,1040.0
472,94.0,1064.0,-26.340206185567,1040.0
473,94.0,1076.0,-27.577319587628846,1040.0
474,94.0,1071.0,-27.06185567010307,1040.0
475,95.0,1071.0,-27.06185567010308,1040.0
476,95.0,1076.0,-27.577319587628843,1040.0
477,95.0,1076.0,-27.577319587628843,1040.0
478,95.0,1071.0,-27.06185567010307,1040.0
479,95.0,1073.0,-27.26804123711338,1040.0
480,96.0,1086.0,-28.608247422680396,1040.0
481,96.0,1094.0,-29.43298969072164,1040.0
482,96.0,1071.0,-27.061855670103064,1040.0
483,96.0,1071.0,-27.061855670103085,1040.0
484,96.0,1122.0,-32.31958762886596,1040.0
485,97.0,1071.0,-27.061855670103085,1040.0
486,97.0,1076.0,-27.577319587628843,1040.0
487,97.0,1071.0,-27.06185567010308,1040.0
488,97.0,1071.0,-27.06185567010307,1040.0
489,97.0,1106.0,-30.67010309278349,1040.0
490,98.0,1145.0,-34.690721649484516,1040.0
491,98.0,1071.0,-27.06185567010308,1040.0
492,98.0,1114.0,-31.494845360824726,1040.0
493,98.0,1077.0,-27.680412371134,1040.0
494,98.0,1071.0,-27.061855670103085,1040.0
495,99.0,1071.0,-27.061855670103085,1040.0
496,99.0,1077.0,-27.680412371133997,1040.0
497,99.0,1071.0,-27.06185567010308,1040.0
498,99.0,1133.0,-33.45360824742266,1040.0
499,99.0,1111.0,-31.185567010309263,1040.0
500,100.0,1076.0,-27.57731958762885,1040.0
501,100.0,1071.0,-27.061855670103085,1040.0
502,100.0,1097.0,-29.742268041237093,1040.0
503,100.0,1071.0,-27.06185567010308,1040.0
504,100.0,1071.0,-27.061855670103082,1040.0
505,101.0,1071.0,-27.061855670103085,1040.0
506,101.0,1083.0,-28.29896907216493,1040.0
507,101.0,1111.0,-31.18556701030926,1040.0
508,101.0,1076.0,-27.577319587628843,1040.0
509,101.0,1100.0,-30.051546391752566,1040.0
510,102.0,1147.0,-34.89690721649482,1040.0
511,102.0,1110.0,-31.08247422680411,1040.0
512,102.0,1077.0,-27.680412371134008,1040.0
513,102.0,1107.0,-30.773195876288643,1040.0
514,102.0,1112.0,-31.288659793814425,1040.0
515,103.0,1110.0,-31.082474226804106,1040.0
516,103.0,1071.0,-27.061855670103085,1040.0
517,103.0,1071.0,-27.061855670103082,1040.0
518,103.0,1076.0,-27.57731958762885,1040.0
519,103.0,1077.0,-27.680412371134008,1040.0
520,104.0,1162.0,-36.44329896907215,1040.0
521,104.0,1096.0,-29.63917525773195,1040.0
522,104.0,1076.0,-27.577319587628846,1040.0
523,104.0,1071.0,-27.061855670103085,1040.0
524,104.0,1077.0,-27.680412371134008,1040.0
525,105.0,1071.0,-27.06185567010308,1040.0
526,105.0,1105.0,-30.56701030927833,1040.0
527,105.0,1079.0,-27.886597938144313,1040.0
528,105.0,1096.0,-29.63917525773194,1040.0
529,105.0,1056.0,-25.51546391752575,1040.0
530,106.0,1071.0,-27.06185567010308,1040.0
531,106.0,1075.0,-27.474226804123695,1040.0
532,106.0,1071.0,-27.061855670103082,1040.0
533,106.0,1071.0,-27.061855670103075,1040.0
534,106.0,1071.0,-27.06185567010307,1040.0
535,107.0,1071.0,-27.06185567010308,1040.0
536,107.0,1141.0,-34.2783505154639,1040.0
537,107.0,1044.0,-24.2783505154639,1040.0
538,107.0,1079.0,-27.886597938144313,1040.0
539,107.0,1071.0,-27.06185567010308,1040.0
540,108.0,1111.0,-31.185567010309263,1040.0
541,108.0,1069.0,-26.855670103092766,1040.0
542,108.0,1071.0,-27.06185567010308,1040.0
543,108.0,1071.0,-27.061855670103082,1040.0
544,108.0,1071.0,-27.06185567010308,1040.0
545,109.0,1071.0,-27.06185567010307,1040.0
546,109.0,1145.0,-34.69072164948452,1040.0
547,109.0,1077.0,-27.680412371134008,1040.0
548,109.0,1071.0,-27.06185567010308,1040.0
549,109.0,1071.0,-27.06185567010307,1040.0
550,110.0,1077.0,-27.680412371134004,1040.0
551,110.0,1096.0,-29.639175257731935,1040.0
552,110.0,1079.0,-27.886597938144313,1040.0
553,110.0,1046.0,-24.48453608247421,1040.0
554,110.0,1128.0,-32.938144329896886,1040.0
555,111.0,1071.0,-27.061855670103085,1040.0
556,111.0,1071.0,-27.06185567010307,1040.0
557,111.0,1071.0,-27.061855670103075,1040.0
558,111.0,1076.0,-27.577319587628846,1040.0
559,111.0,1044.0,-24.2783505154639,1040.0
560,112.0,1184.0,-38.71134020618555,1040.0
561,112.0,1086.0,-28.608247422680396,1040.0
562,112.0,1071.0,-27.06185567010307,1040.0
563,112.0,1150.0,-35.20618556701029,1040.0
564,112.0,1071.0,-27.06185567010308,1040.0
565,113.0,1071.0,-27.061855670103085,1040.0
566,113.0,1099.0,-29.948453608247405,1040.0
567,113.0,1097.0,-29.742268041237093,1040.0
568,113.0,1071.0,-27.06185567010308,1040.0
569,113.0,1071.0,-27.061855670103085,1040.0
570,114.0,1111.0,-31.185567010309263,1040.0
571,114.0,1071.0,-27.06185567010308,1040.0
572,114.0,1077.0,-27.680412371134008,1040.0
573,114.0,1071.0,-27.061855670103085,1040.0
574,114.0,1159.0,-36.13402061855669,1040.0
575,115.0,1077.0,-27.680412371134008,1040.0
576,115.0,1071.0,-27.061855670103064,1040.0
577,115.0,1043.0,-24.175257731958755,1040.0
578,115.0,1071.0,-27.06185567010308,1040.0
579,115.0,1105.0,-30.567010309278334,1040.0
580,116.0,1077.0,-27.680412371134008,1040.0
581,116.0,1076.0,-27.57731958762885,1040.0
582,116.0,1077.0,-27.680412371134,1040.0
583,116.0,1071.0,-27.06185567010307,1040.0
584,116.0,1146.0,-34.79381443298968,1040.0
585,117.0,1077.0,-27.680412371134008,1040.0
586,117.0,1127.0,-32.83505154639174,1040.0
587,117.0,1096.0,-29.639175257731935,1040.0
588,117.0,1071.0,-27.061855670103082,1040.0
589,117.0,1071.0,-27.061855670103085,1040.0
590,118.0,1071.0,-27.06185567010308,1040.0
591,118.0,1071.0,-27.06185567010308,1040.0
592,118.0,1071.0,-27.06185567010307,1040.0
593,118.0,1071.0,-27.06185567010308,1040.0
594,118.0,1071.0,-27.061855670103085,1040.0
595,119.0,1071.0,-27.06185567010308,1040.0
596,119.0,1132.0,-33.35051546391752,1040.0
597,119.0,1071.0,-27.061855670103075,1040.0
598,119.0,1071.0,-27.06185567010307,1040.0
599,119.0,1077.0,-27.680412371134004,1040.0
600,120.0,1068.0,-26.752577319587612,1040.0
601,120.0,1111.0,-31.185567010309256,1040.0
602,120.0,1111.0,-31.185567010309256,1040.0
603,120.0,1105.0,-30.567010309278334,1040.0
604,120.0,1077.0,-27.680412371134008,1040.0
605,121.0,1071.0,-27.06185567010308,1040.0
606,121.0,1077.0,-27.680412371134008,1040.0
607,121.0,1111.0,-31.18556701030926,1040.0
608,121.0,1076.0,-27.577319587628846,1040.0
609,121.0,1071.0,-27.06185567010307,1040.0
610,122.0,1071.0,-27.06185567010308,1040.0
611,122.0,1071.0,-27.061855670103085,1040.0
612,122.0,1077.0,-27.680412371134008,1040.0
613,122.0,1044.0,-24.278350515463902,1040.0
614,122.0,1133.0,-33.45360824742267,1040.0
615,123.0,1077.0,-27.680412371134008,1040.0
616,123.0,1111.0,-31.185567010309263,1040.0
617,123.0,1077.0,-27.680412371134008,1040.0
618,123.0,1077.0,-27.680412371134008,1040.0
619,123.0,1071.0,-27.061855670103082,1040.0
620,124.0,1077.0,-27.680412371134004,1040.0
621,124.0,1077.0,-27.680412371134008,1040.0
622,124.0,1166.0,-36.85567010309278,1040.0
623,124.0,1071.0,-27.061855670103082,1040.0
624,124.0,1138.0,-33.96907216494843,1040.0
625,125.0,1071.0,-27.061855670103064,1040.0
626,125.0,1077.0,-27.680412371134008,1040.0
627,125.0,1077.0,-27.680412371134008,1040.0
628,125.0,1077.0,-27.680412371134008,1040.0
629,125.0,1077.0,-27.680412371134008,1040.0
630,126.0,1076.0,-27.577319587628843,1040.0
631,126.0,1098.0,-29.845360824742244,1040.0
632,126.0,1077.0,-27.680412371134008,1040.0
633,126.0,1071.0,-27.061855670103075,1040.0
634,126.0,1077.0,-27.680412371134008,1040.0
635,127.0,1071.0,-27.06185567010308,1040.0
636,127.0,1071.0,-27.06185567010307,1040.0
637,127.0,1071.0,-27.061855670103082,1040.0
638,127.0,1174.0,-37.680412371134004,1040.0
639,127.0,1077.0,-27.680412371134004,1040.0
640,128.0,1077.0,-27.680412371134,1040.0
641,128.0,1076.0,-27.577319587628843,1040.0
642,128.0,1077.0,-27.680412371134008,1040.0
643,128.0,1077.0,-27.680412371134008,1040.0
644,128.0,1071.0,-27.06185567010308,1040.0
645,129.0,1159.0,-36.13402061855669,1040.0
646,129.0,1127.0,-32.83505154639174,1040.0
647,129.0,1077.0,-27.680412371134008,1040.0
648,129.0,1071.0,-27.061855670103085,1040.0
649,129.0,1105.0,-30.567010309278338,1040.0
650,130.0,1044.0,-24.278350515463902,1040.0
651,130.0,1077.0,-27.680412371134008,1040.0
652,130.0,1075.0,-27.474226804123695,1040.0
653,130.0,1105.0,-30.567010309278324,1040.0
654,130.0,1076.0,-27.577319587628843,1040.0
655,131.0,1077.0,-27.680412371134008,1040.0
656,131.0,1077.0,-27.680412371134008,1040.0
657,131.0,1077.0,-27.680412371134008,1040.0
658,131.0,1154.0,-35.618556701030904,1040.0
659,131.0,1077.0,-27.680412371134008,1040.0
660,132.0,1077.0,-27.680412371134008,1040.0
661,132.0,1066.0,-26.5463917525773,1040.0
662,132.0,1079.0,-27.88659793814431,1040.0
663,132.0,1071.0,-27.06185567010307,1040.0
664,132.0,1077.0,-27.680412371134008,1040.0
665,133.0,1071.0,-27.061855670103085,1040.0
666,133.0,1077.0,-27.680412371134008,1040.0
667,133.0,1041.0,-23.96907216494844,1040.0
668,133.0,1169.0,-37.164948453608226,1040.0
669,133.0,1079.0,-27.88659793814431,1040.0
670,134.0,1071.0,-27.061855670103075,1040.0
671,134.0,1077.0,-27.680412371134008,1040.0
672,134.0,1071.0,-27.06185567010307,1040.0
673,134.0,1044.0,-24.2783505154639,1040.0
674,134.0,1077.0,-27.680412371134008,1040.0
675,135.0,1044.0,-24.278350515463902,1040.0
676,135.0,1044.0,-24.278350515463902,1040.0
677,135.0,1077.0,-27.680412371134008,1040.0
678,135.0,1079.0,-27.886597938144305,1040.0
679,135.0,1077.0,-27.680412371134008,1040.0
680,136.0,1071.0,-27.061855670103085,1040.0
681,136.0,1044.0,-24.278350515463902,1040.0
682,136.0,1077.0,-27.680412371134008,1040.0
683,136.0,1079.0,-27.886597938144313,1040.0
684,136.0,1077.0,-27.680412371134008,1040.0
685,137.0,1071.0,-27.061855670103085,1040.0
686,137.0,1135.0,-33.65979381443297,1040.0
687,137.0,1077.0,-27.680412371134008,1040.0
688,137.0,1079.0,-27.88659793814432,1040.0
689,137.0,1071.0,-27.06185567010307,1040.0
690,138.0,1071.0,-27.061855670103082,1040.0
691,138.0,1105.0,-30.567010309278334,1040.0
692,138.0,1077.0,-27.680412371134008,1040.0
693,138.0,1079.0,-27.886597938144313,1040.0
694,138.0,1079.0,-27.886597938144313,1040.0
695,139.0,1044.0,-24.278350515463902,1040.0
696,139.0,1044.0,-24.2783505154639,1040.0
697,139.0,1071.0,-27.06185567010307,1040.0
698,139.0,1071.0,-27.06185567010308,1040.0
699,139.0,1110.0,-31.082474226804102,1040.0
700,140.0,1077.0,-27.680412371134008,1040.0
701,140.0,1044.0,-24.278350515463902,1040.0
702,140.0,1077.0,-27.680412371134008,1040.0
703,140.0,1044.0,-24.2783505154639,1040.0
704,140.0,1071.0,-27.06185567010308,1040.0
705,141.0,1071.0,-27.061855670103085,1040.0
706,141.0,1071.0,-27.061855670103082,1040.0
707,141.0,1105.0,-30.567010309278338,1040.0
708,141.0,1071.0,-27.06185567010308,1040.0
709,141.0,1092.0,-29.22680412371132,1040.0
710,142.0,1076.0,-27.577319587628843,1040.0
711,142.0,1077.0,-27.680412371134008,1040.0
712,142.0,1096.0,-29.639175257731935,1040.0
713,142.0,1083.0,-28.298969072164937,1040.0
714,142.0,1044.0,-24.278350515463902,1040.0
715,143.0,1044.0,-24.278350515463902,1040.0
716,143.0,1044.0,-24.278350515463902,1040.0
717,143.0,1079.0,-27.886597938144313,1040.0
718,143.0,1149.0,-35.10309278350514,1040.0
719,143.0,1044.0,-24.2783505154639,1040.0
720,144.0,1111.0,-31.185567010309267,1040.0
721,144.0,1079.0,-27.886597938144313,1040.0
722,144.0,1079.0,-27.88659793814431,1040.0
723,144.0,1044.0,-24.278350515463902,1040.0
724,144.0,1071.0,-27.06185567010307,1040.0
725,145.0,1044.0,-24.278350515463902,1040.0
726,145.0,1071.0,-27.06185567010307,1040.0
727,145.0,1044.0,-24.278350515463902,1040.0
728,145.0,1044.0,-24.278350515463906,1040.0
729,145.0,1044.0,-24.278350515463902,1040.0
730,146.0,1079.0,-27.886597938144313,1040.0
731,146.0,1044.0,-24.278350515463902,1040.0
732,146.0,1071.0,-27.061855670103082,1040.0
733,146.0,1071.0,-27.061855670103085,1040.0
734,146.0,1071.0,-27.06185567010307,1040.0
735,147.0,1079.0,-27.88659793814431,1040.0
736,147.0,1044.0,-24.278350515463902,1040.0
737,147.0,1044.0,-24.278350515463902,1040.0
738,147.0,1105.0,-30.56701030927834,1040.0
739,147.0,1044.0,-24.278350515463902,1040.0
740,148.0,1114.0,-31.494845360824726,1040.0
741,148.0,1044.0,-24.278350515463902,1040.0
742,148.0,1111.0,-31.185567010309256,1040.0
743,148.0,1044.0,-24.2783505154639,1040.0
744,148.0,1044.0,-24.278350515463902,1040.0
745,149.0,1079.0,-27.886597938144313,1040.0
746,149.0,1077.0,-27.680412371134008,1040.0
747,149.0,1075.0,-27.47422680412369,1040.0
748,149.0,1083.0,-28.298969072164937,1040.0
749,149.0,1044.0,-24.278350515463902,1040.0
750,150.0,1111.0,-31.185567010309256,1040.0
751,150.0,1044.0,-24.278350515463902,1040.0
752,150.0,1044.0,-24.2783505154639,1040.0
753,150.0,1044.0,-24.278350515463902,1040.0
754,150.0,1079.0,-27.886597938144313,1040.0
755,151.0,1111.0,-31.185567010309256,1040.0
756,151.0,1071.0,-27.061855670103082,1040.0
757,151.0,1071.0,-27.06185567010308,1040.0
758,151.0,1071.0,-27.061855670103085,1040.0
759,151.0,1099.0,-29.948453608247405,1040.0
760,152.0,1044.0,-24.278350515463902,1040.0
761,152.0,1180.0,-38.29896907216494,1040.0
762,152.0,1079.0,-27.886597938144313,1040.0
763,152.0,1044.0,-24.278350515463902,1040.0
764,152.0,1044.0,-24.278350515463902,1040.0
765,153.0,1044.0,-24.2783505154639,1040.0
766,153.0,1044.0,-24.278350515463902,1040.0
767,153.0,1044.0,-24.278350515463902,1040.0
768,153.0,1071.0,-27.061855670103085,1040.0
769,153.0,1044.0,-24.278350515463902,1040.0
770,154.0,1071.0,-27.061855670103082,1040.0
771,154.0,1044.0,-24.2783505154639,1040.0
772,154.0,1044.0,-24.278350515463902,1040.0
773,154.0,1044.0,-24.278350515463902,1040.0
774,154.0,1198.0,-40.154639175257714,1040.0
775,155.0,1044.0,-24.278350515463902,1040.0
776,155.0,1071.0,-27.06185567010308,1040.0
777,155.0,1044.0,-24.2783505154639,1040.0
778,155.0,1044.0,-24.278350515463902,1040.0
779,155.0,1044.0,-24.2783505154639,1040.0
780,156.0,1044.0,-24.2783505154639,1040.0
781,156.0,1044.0,-24.278350515463902,1040.0
782,156.0,1044.0,-24.278350515463902,1040.0
783,156.0,1044.0,-24.278350515463902,1040.0
784,156.0,1077.0,-27.680412371134008,1040.0
785,157.0,1058.0,-25.72164948453607,1040.0
786,157.0,1044.0,-24.278350515463906,1040.0
787,157.0,1044.0,-24.2783505154639,1040.0
788,157.0,1044.0,-24.278350515463902,1040.0
789,157.0,1044.0,-24.278350515463902,1040.0
790,158.0,1044.0,-24.2783505154639,1040.0
791,158.0,1044.0,-24.278350515463902,1040.0
792,158.0,1077.0,-27.680412371134008,1040.0
793,158.0,1044.0,-24.2783505154639,1040.0
794,158.0,1044.0,-24.2783505154639,1040.0
795,159.0,1083.0,-28.29896907216493,1040.0
796,159.0,1169.0,-37.16494845360824,1040.0
797,159.0,1111.0,-31.185567010309256,1040.0
798,159.0,1044.0,-24.278350515463902,1040.0
799,159.0,1140.0,-34.175257731958745,1040.0
800,160.0,1044.0,-24.278350515463902,1040.0
801,160.0,1044.0,-24.278350515463902,1040.0
802,160.0,1076.0,-27.577319587628843,1040.0
803,160.0,1044.0,-24.278350515463902,1040.0
804,160.0,1114.0,-31.494845360824723,1040.0
805,161.0,1044.0,-24.278350515463902,1040.0
806,161.0,1044.0,-24.278350515463902,1040.0
807,161.0,1044.0,-24.2783505154639,1040.0
808,161.0,1113.0,-31.39175257731956,1040.0
809,161.0,1071.0,-27.061855670103085,1040.0
810,162.0,1044.0,-24.278350515463902,1040.0
811,162.0,1044.0,-24.278350515463902,1040.0
812,162.0,1071.0,-27.061855670103075,1040.0
813,162.0,1044.0,-24.278350515463906,1040.0
814,162.0,1127.0,-32.83505154639173,1040.0
815,163.0,1044.0,-24.2783505154639,1040.0
816,163.0,1071.0,-27.061855670103085,1040.0
817,163.0,1044.0,-24.2783505154639,1040.0
818,163.0,1077.0,-27.680412371134008,1040.0
819,163.0,1044.0,-24.278350515463902,1040.0
820,164.0,1044.0,-24.278350515463902,1040.0
821,164.0,1076.0,-27.577319587628843,1040.0
822,164.0,1058.0,-25.72164948453607,1040.0
823,164.0,1044.0,-24.278350515463902,1040.0
824,164.0,1079.0,-27.886597938144313,1040.0
825,165.0,1044.0,-24.2783505154639,1040.0
826,165.0,1044.0,-24.2783505154639,1040.0
827,165.0,1044.0,-24.2783505154639,1040.0
828,165.0,1044.0,-24.278350515463902,1040.0
829,165.0,1079.0,-27.886597938144313,1040.0
830,166.0,1111.0,-31.18556701030925,1040.0
831,166.0,1093.0,-29.32989690721648,1040.0
832,166.0,1079.0,-27.886597938144305,1040.0
833,166.0,1044.0,-24.278350515463902,1040.0
834,166.0,1044.0,-24.278350515463902,1040.0
835,167.0,1044.0,-24.278350515463902,1040.0
836,167.0,1044.0,-24.278350515463902,1040.0
837,167.0,1044.0,-24.2783505154639,1040.0
838,167.0,1111.0,-31.185567010309256,1040.0
839,167.0,1044.0,-24.278350515463902,1040.0
840,168.0,1044.0,-24.278350515463902,1040.0
841,168.0,1044.0,-24.278350515463902,1040.0
842,168.0,1044.0,-24.2783505154639,1040.0
843,168.0,1079.0,-27.886597938144313,1040.0
844,168.0,1044.0,-24.2783505154639,1040.0
845,169.0,1112.0,-31.288659793814414,1040.0
846,169.0,1044.0,-24.2783505154639,1040.0
847,169.0,1044.0,-24.2783505154639,1040.0
848,169.0,1086.0,-28.608247422680392,1040.0
849,169.0,1044.0,-24.2783505154639,1040.0
850,170.0,1044.0,-24.278350515463902,1040.0
851,170.0,1044.0,-24.2783505154639,1040.0
852,170.0,1044.0,-24.2783505154639,1040.0
853,170.0,1077.0,-27.680412371134008,1040.0
854,170.0,1044.0,-24.2783505154639,1040.0
855,171.0,1075.0,-27.474226804123692,1040.0
856,171.0,1044.0,-24.2783505154639,1040.0
857,171.0,1110.0,-31.082474226804102,1040.0
858,171.0,1169.0,-37.16494845360823,1040.0
859,171.0,1044.0,-24.2783505154639,1040.0
860,172.0,1079.0,-27.88659793814431,1040.0
861,172.0,1079.0,-27.886597938144316,1040.0
862,172.0,1071.0,-27.06185567010308,1040.0
863,172.0,1044.0,-24.2783505154639,1040.0
864,172.0,1044.0,-24.2783505154639,1040.0
865,173.0,1044.0,-24.278350515463902,1040.0
866,173.0,1079.0,-27.886597938144313,1040.0
867,173.0,1205.0,-40.87628865979379,1040.0
868,173.0,1141.0,-34.27835051546389,1040.0
869,173.0,1138.0,-33.96907216494842,1040.0
870,174.0,1044.0,-24.2783505154639,1040.0
871,174.0,1079.0,-27.88659793814431,1040.0
872,174.0,1132.0,-33.3505154639175,1040.0
873,174.0,1166.0,-36.85567010309276,1040.0
874,174.0,1077.0,-27.680412371134008,1040.0
875,175.0,1203.0,-40.67010309278348,1040.0
876,175.0,1076.0,-27.577319587628846,1040.0
877,175.0,1120.0,-32.11340206185566,1040.0
878,175.0,1044.0,-24.278350515463902,1040.0
879,175.0,1044.0,-24.2783505154639,1040.0
880,176.0,1112.0,-31.28865979381441,1040.0
881,176.0,1111.0,-31.185567010309256,1040.0
882,176.0,1079.0,-27.88659793814431,1040.0
883,176.0,1168.0,-37.061855670103085,1040.0
884,176.0,1079.0,-27.886597938144313,1040.0
885,177.0,1075.0,-27.474226804123692,1040.0
886,177.0,1122.0,-32.31958762886596,1040.0
887,177.0,1077.0,-27.680412371134008,1040.0
888,177.0,1076.0,-27.577319587628843,1040.0
889,177.0,1071.0,-27.061855670103085,1040.0
890,178.0,1044.0,-24.278350515463906,1040.0
891,178.0,1044.0,-24.2783505154639,1040.0
892,178.0,1044.0,-24.2783505154639,1040.0
893,178.0,1111.0,-31.185567010309256,1040.0
894,178.0,1111.0,-31.185567010309253,1040.0
895,179.0,1128.0,-32.938144329896886,1040.0
896,179.0,1044.0,-24.2783505154639,1040.0
897,179.0,1044.0,-24.2783505154639,1040.0
898,179.0,1111.0,-31.18556701030926,1040.0
899,179.0,1071.0,-27.06185567010307,1040.0
900,180.0,1044.0,-24.2783505154639,1040.0
901,180.0,1079.0,-27.886597938144305,1040.0
902,180.0,1071.0,-27.06185567010308,1040.0
903,180.0,1044.0,-24.2783505154639,1040.0
904,180.0,1077.0,-27.680412371134008,1040.0
905,181.0,1111.0,-31.185567010309263,1040.0
906,181.0,1044.0,-24.2783505154639,1040.0
907,181.0,1043.0,-24.175257731958748,1040.0
908,181.0,1066.0,-26.546391752577303,1040.0
909,181.0,1044.0,-24.2783505154639,1040.0
910,182.0,1112.0,-31.28865979381441,1040.0
911,182.0,1099.0,-29.94845360824741,1040.0
912,182.0,1044.0,-24.2783505154639,1040.0
913,182.0,1044.0,-24.2783505154639,1040.0
914,182.0,1044.0,-24.2783505154639,1040.0
915,183.0,1044.0,-24.2783505154639,1040.0
916,183.0,1044.0,-24.2783505154639,1040.0
917,183.0,1044.0,-24.278350515463902,1040.0
918,183.0,1044.0,-24.278350515463902,1040.0
919,183.0,1044.0,-24.2783505154639,1040.0
920,184.0,1044.0,-24.2783505154639,1040.0
921,184.0,1044.0,-24.278350515463906,1040.0
922,184.0,1169.0,-37.16494845360823,1040.0
923,184.0,1044.0,-24.2783505154639,1040.0
924,184.0,1044.0,-24.278350515463902,1040.0
925,185.0,1071.0,-27.06185567010307,1040.0
926,185.0,1071.0,-27.06185567010308,1040.0
927,185.0,1105.0,-30.567010309278334,1040.0
928,185.0,1044.0,-24.278350515463902,1040.0
929,185.0,1044.0,-24.278350515463902,1040.0
930,186.0,1044.0,-24.278350515463902,1040.0
931,186.0,1044.0,-24.2783505154639,1040.0
932,186.0,1083.0,-28.298969072164926,1040.0
933,186.0,1071.0,-27.06185567010308,1040.0
934,186.0,1044.0,-24.2783505154639,1040.0
935,187.0,1100.0,-30.05154639175256,1040.0
936,187.0,1083.0,-28.298969072164926,1040.0
937,187.0,1111.0,-31.185567010309256,1040.0
938,187.0,1076.0,-27.577319587628846,1040.0
939,187.0,1044.0,-24.2783505154639,1040.0
940,188.0,1044.0,-24.278350515463902,1040.0
941,188.0,1144.0,-34.587628865979354,1040.0
942,188.0,1071.0,-27.061855670103075,1040.0
943,188.0,1076.0,-27.577319587628846,1040.0
944,188.0,1044.0,-24.2783505154639,1040.0
945,189.0,1044.0,-24.278350515463902,1040.0
946,189.0,1044.0,-24.278350515463902,1040.0
947,189.0,1077.0,-27.680412371134,1040.0
948,189.0,1083.0,-28.298969072164926,1040.0
949,189.0,1044.0,-24.278350515463902,1040.0
950,190.0,1127.0,-32.835051546391746,1040.0
951,190.0,1100.0,-30.051546391752552,1040.0
952,190.0,1044.0,-24.2783505154639,1040.0
953,190.0,1044.0,-24.2783505154639,1040.0
954,190.0,1077.0,-27.680412371134008,1040.0
955,191.0,1100.0,-30.051546391752552,1040.0
956,191.0,1044.0,-24.278350515463906,1040.0
957,191.0,1071.0,-27.061855670103082,1040.0
958,191.0,1071.0,-27.06185567010308,1040.0
959,191.0,1071.0,-27.06185567010308,1040.0
960,192.0,1044.0,-24.2783505154639,1040.0
961,192.0,1077.0,-27.680412371134008,1040.0
962,192.0,1079.0,-27.886597938144305,1040.0
963,192.0,1044.0,-24.278350515463902,1040.0
964,192.0,1044.0,-24.2783505154639,1040.0
965,193.0,1044.0,-24.2783505154639,1040.0
966,193.0,1083.0,-28.298969072164926,1040.0
967,193.0,1079.0,-27.886597938144313,1040.0
968,193.0,1044.0,-24.2783505154639,1040.0
969,193.0,1079.0,-27.886597938144313,1040.0
970,194.0,1044.0,-24.278350515463902,1040.0
971,194.0,1119.0,-32.010309278350505,1040.0
972,194.0,1044.0,-24.2783505154639,1040.0
973,194.0,1111.0,-31.18556701030926,1040.0
974,194.0,1044.0,-24.2783505154639,1040.0
975,195.0,1044.0,-24.278350515463902,1040.0
976,195.0,1044.0,-24.278350515463902,1040.0
977,195.0,1127.0,-32.83505154639174,1040.0
978,195.0,1044.0,-24.278350515463902,1040.0
979,195.0,1044.0,-24.278350515463906,1040.0
980,196.0,1068.0,-26.752577319587612,1040.0
981,196.0,1044.0,-24.2783505154639,1040.0
982,196.0,1044.0,-24.2783505154639,1040.0
983,196.0,1044.0,-24.278350515463902,1040.0
984,196.0,1044.0,-24.2783505154639,1040.0
985,197.0,1044.0,-24.278350515463902,1040.0
986,197.0,1044.0,-24.2783505154639,1040.0
987,197.0,1079.0,-27.886597938144316,1040.0
988,197.0,1079.0,-27.88659793814431,1040.0
989,197.0,1079.0,-27.886597938144305,1040.0
990,198.0,1097.0,-29.7422680412371,1040.0
991,198.0,1044.0,-24.278350515463902,1040.0
992,198.0,1079.0,-27.886597938144305,1040.0
993,198.0,1075.0,-27.47422680412369,1040.0
994,198.0,1044.0,-24.278350515463902,1040.0
995,199.0,1044.0,-24.2783505154639,1040.0
996,199.0,1044.0,-24.278350515463902,1040.0
997,199.0,1044.0,-24.278350515463902,1040.0
998,199.0,1044.0,-24.278350515463902,1040.0
999,199.0,1044.0,-24.278350515463902,1040.0
1000,200.0,1044.0,-24.278350515463902,1040.0
1001,200.0,1044.0,-24.278350515463902,1040.0
1002,200.0,1083.0,-28.29896907216493,1040.0
1003,200.0,1044.0,-24.2783505154639,1040.0
1004,200.0,1044.0,-24.2783505154639,1040.0
1005,201.0,1044.0,-24.2783505154639,1040.0
1006,201.0,1044.0,-24.2783505154639,1040.0
1007,201.0,1044.0,-24.278350515463902,1040.0
1008,201.0,1076.0,-27.577319587628846,1040.0
1009,201.0,1044.0,-24.278350515463902,1040.0
1010,202.0,1075.0,-27.474226804123692,1040.0
1011,202.0,1140.0,-34.17525773195874,1040.0
1012,202.0,1071.0,-27.061855670103075,1040.0
1013,202.0,1044.0,-24.2783505154639,1040.0
1014,202.0,1044.0,-24.2783505154639,1040.0
1015,203.0,1077.0,-27.680412371134008,1040.0
1016,203.0,1044.0,-24.278350515463902,1040.0
1017,203.0,1044.0,-24.2783505154639,1040.0
1018,203.0,1077.0,-27.680412371134008,1040.0
1019,203.0,1044.0,-24.278350515463902,1040.0
1020,204.0,1044.0,-24.278350515463902,1040.0
1021,204.0,1044.0,-24.278350515463902,1040.0
1022,204.0,1111.0,-31.18556701030926,1040.0
1023,204.0,1205.0,-40.876288659793794,1040.0
1024,204.0,1137.0,-33.86597938144328,1040.0
1025,205.0,1044.0,-24.278350515463902,1040.0
1026,205.0,1044.0,-24.278350515463902,1040.0
1027,205.0,1044.0,-24.278350515463902,1040.0
1028,205.0,1044.0,-24.278350515463902,1040.0
1029,205.0,1111.0,-31.185567010309256,1040.0
1030,206.0,1044.0,-24.278350515463902,1040.0
1031,206.0,1044.0,-24.278350515463902,1040.0
1032,206.0,1120.0,-32.11340206185565,1040.0
1033,206.0,1114.0,-31.49484536082472,1040.0
1034,206.0,1044.0,-24.2783505154639,1040.0
1035,207.0,1044.0,-24.2783505154639,1040.0
1036,207.0,1044.0,-24.278350515463906,1040.0
1037,207.0,1044.0,-24.278350515463902,1040.0
1038,207.0,1044.0,-24.278350515463902,1040.0
1039,207.0,1044.0,-24.2783505154639,1040.0
1040,208.0,1044.0,-24.278350515463902,1040.0
1041,208.0,1044.0,-24.278350515463902,1040.0
1042,208.0,1044.0,-24.278350515463902,1040.0
1043,208.0,1044.0,-24.278350515463902,1040.0
1044,208.0,1071.0,-27.06185567010308,1040.0
1045,209.0,1044.0,-24.2783505154639,1040.0
1046,209.0,1044.0,-24.2783505154639,1040.0
1047,209.0,1044.0,-24.278350515463902,1040.0
1048,209.0,1044.0,-24.278350515463902,1040.0
1049,209.0,1072.0,-27.164948453608222,1040.0
1050,210.0,1044.0,-24.2783505154639,1040.0
1051,210.0,1044.0,-24.278350515463906,1040.0
1052,210.0,1044.0,-24.2783505154639,1040.0
1053,210.0,1079.0,-27.886597938144313,1040.0
1054,210.0,1044.0,-24.278350515463902,1040.0
1055,211.0,1077.0,-27.680412371134008,1040.0
1056,211.0,1044.0,-24.2783505154639,1040.0
1057,211.0,1044.0,-24.2783505154639,1040.0
1058,211.0,1044.0,-24.278350515463902,1040.0
1059,211.0,1044.0,-24.278350515463902,1040.0
1060,212.0,1044.0,-24.2783505154639,1040.0
1061,212.0,1079.0,-27.886597938144316,1040.0
1062,212.0,1044.0,-24.278350515463902,1040.0
1063,212.0,1044.0,-24.278350515463902,1040.0
1064,212.0,1131.0,-33.247422680412356,1040.0
1065,213.0,1044.0,-24.278350515463902,1040.0
1066,213.0,1071.0,-27.06185567010308,1040.0
1067,213.0,1044.0,-24.278350515463902,1040.0
1068,213.0,1079.0,-27.88659793814431,1040.0
1069,213.0,1111.0,-31.185567010309253,1040.0
1070,214.0,1071.0,-27.06185567010308,1040.0
1071,214.0,1111.0,-31.185567010309256,1040.0
1072,214.0,1044.0,-24.278350515463902,1040.0
1073,214.0,1044.0,-24.2783505154639,1040.0
1074,214.0,1068.0,-26.752577319587612,1040.0
1075,215.0,1080.0,-27.98969072164946,1040.0
1076,215.0,1044.0,-24.278350515463902,1040.0
1077,215.0,1044.0,-24.2783505154639,1040.0
1078,215.0,1044.0,-24.278350515463902,1040.0
1079,215.0,1044.0,-24.2783505154639,1040.0
1080,216.0,1044.0,-24.278350515463902,1040.0
1081,216.0,1044.0,-24.278350515463902,1040.0
1082,216.0,1044.0,-24.2783505154639,1040.0
1083,216.0,1044.0,-24.2783505154639,1040.0
1084,216.0,1044.0,-24.2783505154639,1040.0
1085,217.0,1044.0,-24.278350515463902,1040.0
1086,217.0,1044.0,-24.278350515463902,1040.0
1087,217.0,1071.0,-27.06185567010308,1040.0
1088,217.0,1044.0,-24.278350515463902,1040.0
1089,217.0,1077.0,-27.680412371134008,1040.0
1090,218.0,1044.0,-24.2783505154639,1040.0
1091,218.0,1044.0,-24.2783505154639,1040.0
1092,218.0,1071.0,-27.06185567010308,1040.0
1093,218.0,1111.0,-31.185567010309263,1040.0
1094,218.0,1044.0,-24.2783505154639,1040.0
1095,219.0,1044.0,-24.2783505154639,1040.0
1096,219.0,1044.0,-24.278350515463902,1040.0
1097,219.0,1128.0,-32.938144329896886,1040.0
1098,219.0,1044.0,-24.278350515463902,1040.0
1099,219.0,1071.0,-27.061855670103075,1040.0
1100,220.0,1044.0,-24.278350515463902,1040.0
1101,220.0,1044.0,-24.278350515463902,1040.0
1102,220.0,1044.0,-24.278350515463902,1040.0
1103,220.0,1044.0,-24.2783505154639,1040.0
1104,220.0,1044.0,-24.278350515463902,1040.0
1105,221.0,1071.0,-27.06185567010308,1040.0
1106,221.0,1079.0,-27.886597938144305,1040.0
1107,221.0,1044.0,-24.278350515463902,1040.0
1108,221.0,1044.0,-24.278350515463902,1040.0
1109,221.0,1085.0,-28.505154639175238,1040.0
1110,222.0,1044.0,-24.278350515463902,1040.0
1111,222.0,1044.0,-24.2783505154639,1040.0
1112,222.0,1044.0,-24.2783505154639,1040.0
1113,222.0,1044.0,-24.278350515463902,1040.0
1114,222.0,1071.0,-27.06185567010308,1040.0
1115,223.0,1077.0,-27.680412371134,1040.0
1116,223.0,1044.0,-24.2783505154639,1040.0
1117,223.0,1128.0,-32.938144329896886,1040.0
1118,223.0,1044.0,-24.278350515463902,1040.0
1119,223.0,1044.0,-24.2783505154639,1040.0
1120,224.0,1044.0,-24.2783505154639,1040.0
1121,224.0,1076.0,-27.577319587628846,1040.0
1122,224.0,1044.0,-24.278350515463902,1040.0
1123,224.0,1044.0,-24.278350515463902,1040.0
1124,224.0,1114.0,-31.494845360824726,1040.0
1125,225.0,1044.0,-24.278350515463902,1040.0
1126,225.0,1044.0,-24.278350515463902,1040.0
1127,225.0,1044.0,-24.278350515463902,1040.0
1128,225.0,1044.0,-24.2783505154639,1040.0
1129,225.0,1079.0,-27.886597938144313,1040.0
1130,226.0,1044.0,-24.278350515463902,1040.0
1131,226.0,1112.0,-31.288659793814418,1040.0
1132,226.0,1110.0,-31.08247422680411,1040.0
1133,226.0,1044.0,-24.2783505154639,1040.0
1134,226.0,1110.0,-31.08247422680411,1040.0
1135,227.0,1044.0,-24.278350515463902,1040.0
1136,227.0,1044.0,-24.278350515463902,1040.0
1137,227.0,1071.0,-27.06185567010308,1040.0
1138,227.0,1044.0,-24.278350515463906,1040.0
1139,227.0,1044.0,-24.278350515463902,1040.0
1140,228.0,1111.0,-31.185567010309263,1040.0
1141,228.0,1071.0,-27.061855670103075,1040.0
1142,228.0,1044.0,-24.278350515463902,1040.0
1143,228.0,1044.0,-24.2783505154639,1040.0
1144,228.0,1044.0,-24.278350515463902,1040.0
1145,229.0,1071.0,-27.06185567010308,1040.0
1146,229.0,1044.0,-24.278350515463902,1040.0
1147,229.0,1044.0,-24.2783505154639,1040.0
1148,229.0,1044.0,-24.278350515463902,1040.0
1149,229.0,1044.0,-24.2783505154639,1040.0
1150,230.0,1044.0,-24.278350515463902,1040.0
1151,230.0,1071.0,-27.061855670103068,1040.0
1152,230.0,1077.0,-27.680412371134008,1040.0
1153,230.0,1044.0,-24.278350515463902,1040.0
1154,230.0,1077.0,-27.680412371134008,1040.0
1155,231.0,1044.0,-24.278350515463902,1040.0
1156,231.0,1044.0,-24.278350515463902,1040.0
1157,231.0,1044.0,-24.2783505154639,1040.0
1158,231.0,1044.0,-24.278350515463902,1040.0
1159,231.0,1044.0,-24.278350515463902,1040.0
1160,232.0,1044.0,-24.278350515463902,1040.0
1161,232.0,1044.0,-24.278350515463902,1040.0
1162,232.0,1044.0,-24.2783505154639,1040.0
1163,232.0,1044.0,-24.278350515463902,1040.0
1164,232.0,1044.0,-24.278350515463902,1040.0
1165,233.0,1044.0,-24.278350515463902,1040.0
1166,233.0,1071.0,-27.061855670103082,1040.0
1167,233.0,1044.0,-24.278350515463902,1040.0
1168,233.0,1044.0,-24.278350515463906,1040.0
1169,233.0,1044.0,-24.2783505154639,1040.0
1170,234.0,1044.0,-24.2783505154639,1040.0
1171,234.0,1044.0,-24.278350515463902,1040.0
1172,234.0,1044.0,-24.278350515463902,1040.0
1173,234.0,1044.0,-24.278350515463902,1040.0
1174,234.0,1044.0,-24.278350515463902,1040.0
1175,235.0,1044.0,-24.278350515463902,1040.0
1176,235.0,1044.0,-24.278350515463902,1040.0
1177,235.0,1044.0,-24.278350515463902,1040.0
1178,235.0,1044.0,-24.278350515463902,1040.0
1179,235.0,1044.0,-24.278350515463902,1040.0
1180,236.0,1044.0,-24.278350515463902,1040.0
1181,236.0,1044.0,-24.278350515463906,1040.0
1182,236.0,1044.0,-24.278350515463902,1040.0
1183,236.0,1044.0,-24.278350515463902,1040.0
1184,236.0,1044.0,-24.2783505154639,1040.0
1185,237.0,1044.0,-24.278350515463902,1040.0
1186,237.0,1044.0,-24.278350515463902,1040.0
1187,237.0,1044.0,-24.2783505154639,1040.0
1188,237.0,1044.0,-24.2783505154639,1040.0
1189,237.0,1044.0,-24.278350515463902,1040.0
1190,238.0,1044.0,-24.278350515463902,1040.0
1191,238.0,1044.0,-24.278350515463902,1040.0
1192,238.0,1044.0,-24.278350515463902,1040.0
1193,238.0,1044.0,-24.278350515463902,1040.0
1194,238.0,1044.0,-24.278350515463902,1040.0
1195,239.0,1044.0,-24.278350515463902,1040.0
1196,239.0,1044.0,-24.2783505154639,1040.0
1197,239.0,1044.0,-24.2783505154639,1040.0
1198,239.0,1044.0,-24.278350515463902,1040.0
1199,239.0,1044.0,-24.278350515463902,1040.0
